Year,Month,mean,variance,median,std_dev,skewness,kurtosis,q25,q75,IQR
1978,1,5.59125,15.944954687500001,6.625,3.993113407793473,0.5386690138138069,3.5298638296386313,3.5,7.5,4
1978,2,7.0494376757263355,23.38342432381868,7.5,4.835641045799273,0.4618474534421654,2.750903266166065,3.5,8.06818181818182,4.56818181818182
1978,3,6.6514378478664185,18.096281102886422,7.49242424242424,4.25397239094078,0.41412775566068305,3.005095138592952,3.5,7.5,4
1978,4,7.046293517406963,15.358229919744009,7.5,3.9189577593722555,0.35908819365550715,3.6681908446050917,5,7.61029411764706,2.6102941176470598
1978,5,7.1829446064139955,25.476495869068163,7.5,5.047424676908825,0.3049189443833526,2.416688234079258,3.5,12,8.5
1978,6,6.945542380324989,22.51258686808896,7.5,4.744743077142213,0.2991590448068764,2.777956737631933,3.5,8.06521739130435,4.5652173913043494
1978,7,6.894372294372293,21.384909578156332,7.5,4.624382075278419,0.2086231148042188,2.674952237007978,3.5,7.91428571428571,4.41428571428571
1978,8,8.370005748778384,29.65468785385082,9.69718309859155,5.445611797938852,-0.03883121358279462,2.0737134246507756,3.5,12,8.5
1978,9,7.280840694486749,22.877133205153534,7.5,4.783004621067549,0.26232513460534945,2.649880528308861,3.5,8.41791044776119,4.917910447761191
1978,10,7.473520923520924,18.226773090625905,7.5,4.269282503023887,-0.0013879969636284573,2.8567140962553865,5,12,7
1978,11,7.942076830732294,23.575669163223512,7.5,4.855478263078058,0.047848124664062186,2.473848312287944,5,12,7
1978,12,7.7138021234036,16.922742466966344,7.5,4.113726105000957,-0.015035800008457167,3.135149609466378,5,12,7
1979,1,8.175925925925926,19.802032672403044,7.5,4.449947490971443,0.039569251174872644,2.8849482873575654,5,12,7
1979,2,8.878723110865968,27.699667540407287,10.0472972972973,5.263047362546463,-0.1455441386320665,2.2548095869011893,5,12,7
1979,3,8.821789321789321,21.191236212881236,9.21428571428571,4.6033939884482225,0.005227411033237206,2.5229828419306646,5,12,7
1979,4,9.47008547008547,24.83189554984427,10.1025641025641,4.983161200467457,-0.2011440687505479,2.3197166038970694,5,12,7
1979,5,9.592631857937986,27.046720848940716,10.4675324675325,5.2006461953242615,-0.262120817810788,2.243112816803972,5,12,7
1979,6,9.64416535845107,29.879187333871677,10.7628205128205,5.466185812234311,-0.30558779545571513,2.106568220201366,5,12,7
1979,7,9.346122448979592,31.62042782174094,10.72,5.623204408674909,-0.30572311774046357,2.1084688797380347,5,12,7
1979,8,9.309409888357253,31.187975193893088,10.7631578947368,5.5846195209605005,-0.31720652002336347,2.0854372775375913,5,12,7
1979,9,8.721334971334972,28.589769214154963,9.99324324324324,5.346940173048036,-0.2497572988564244,2.218270086320987,5,12,7
1979,10,8.241558441558439,26.747660651037272,9.55714285714286,5.171814058049387,-0.16633294698531076,2.2774819899688517,5,12,7
1979,11,9.725521885521891,28.810072314616434,10.9866666666667,5.3675014964708145,-0.45876867624684436,2.3464765654954625,5,12,7
1979,12,9.32488158261354,32.33857928326708,10.9459459459459,5.68670196891547,-0.3556011042949371,2.0652493508433056,5,12,7
1980,1,10.49332810047096,29.06125544952917,12,5.390849232683953,-0.5537546831328941,2.371893809300107,7.5,17,9.5
1980,2,9.739119590971445,27.31386459154769,12,5.2262667929936075,-0.35097647668344045,2.2466703400634205,5,12,7
1980,3,10.026241799437674,36.288409336535395,12,6.023986166695222,-0.4735932146586993,2.0095958722439535,5,17,12
1980,4,9.374001774622894,41.13811156189648,11.9057971014493,6.413899871520951,-0.3970779072129043,1.8057696263163725,3.5,17,13.5
1980,5,7.414141414141414,42.712325272931324,7.5,6.535466721889978,0.06370832136139337,1.6118988009885262,0,12,12
1980,6,7.213917525773198,38.900180013816566,7.5,6.237000882941782,0.053233602563381166,1.7259435585459206,0,12,12
1980,7,7.9964509041744165,36.27098899145351,10.4754098360656,6.022540078028,-0.12482557828160235,1.8171058443877777,1.5,12,10.5
1980,8,7.379004329004329,29.557674518843353,7.5,5.436697022903092,0.06609072387232628,2.006065906928227,3.5,12,8.5
1980,9,7.96399446068626,31.64785972848783,9.73134328358209,5.625643050219933,-0.05483168227917967,1.9592493928768457,3.5,12,8.5
1980,10,8.093611357586516,35.99368666489783,7.5,5.999473865673375,-0.09467128995957885,1.8273092321646618,3.5,12,8.5
1980,11,7.487491770901904,35.98614076860965,7.5,5.998844952872982,0.0370369188401638,1.7912335197416607,0,12,12
1980,12,8.713351537798214,34.91450332698774,10.6408450704225,5.90884957728556,-0.2290912552519233,1.9178248277203789,3.5,12,8.5
1981,1,7.6466296590007925,30.601205166147736,7.5,5.531835605488267,-0.13427004717853108,1.9058064254718388,3.5,12,8.5
1981,2,7.565597667638484,31.398362502018713,7.5,5.603424176520881,0.06637982742170967,1.9452610388875455,3.5,12,8.5
1981,3,6.660756105720978,31.443365609218862,7.5,5.607438417782121,0.18215453574630214,1.9747440608021685,0,12,12
1981,4,7.039358600583091,37.68524806840687,7.5,6.13883116467678,0.17744675186062164,1.744878197585482,0,12,12
1981,5,7.002705627705627,33.48811309992317,7.5,5.786891488521551,0.13577875651211846,1.8928490524037689,0,12,12
1981,6,6.353219696969697,34.58333490264864,5,5.880759721553725,0.31091108870408046,1.835962260692643,0,12,12
1981,7,6.290322580645162,33.373548387096776,5,5.776984367911755,0.3016194568076749,1.9776763550559844,0,12,12
1981,8,6.169539304123711,33.684084755744166,5,5.803799165696912,0.45791851776831627,2.052844244889793,0,12,12
1981,9,6.397253787878788,36.08786148057277,5,6.007317328106845,0.4176441693445988,1.9003452379930503,0,12,12
1981,10,6.4863560982963975,33.929114086289545,5,5.8248703063921985,0.37437812369726964,1.9981265143084488,0,12,12
1981,11,6.758320251177393,34.746005220950835,7.5,5.894574218800781,0.2047750711545444,1.8350932776648776,0,12,12
1981,12,5.226020408163265,31.51871919686242,5,5.614153471082031,0.6082561552056663,2.328385570879813,0,8.38333333333333,8.38333333333333
1982,1,5.0791695988740315,30.582462791712327,5,5.530141299434611,0.7265124438560169,2.4677523095250544,0,8.18965517241379,8.18965517241379
1982,2,5.042839105339105,29.895161725349766,5,5.467646817905283,0.6709660199250919,2.3874280981726197,0,8.34821428571429,8.34821428571429
1982,3,5.32047193877551,34.77505303779675,3.5,5.897037649345369,0.6757425840637019,2.3368465179273095,0,8.203125,8.203125
1982,4,5.327361838769647,32.75158519967888,5,5.722900068992895,0.5360801869476703,2.221022651445338,0,8.41803278688525,8.41803278688525
1982,5,4.558509676252488,29.169878950302685,3.5,5.400914640160747,0.903822393353108,2.9829803744725383,0,7.5,7.5
1982,6,5.392150706436421,30.982301629745006,5,5.566174775350214,0.6129794813755607,2.319105007407426,0,7.97692307692308,7.97692307692308
1982,7,5.712827988338193,26.023113243631485,5,5.1012854501224965,0.5878197417144444,2.5999116978679098,1.5,7.57142857142857,6.07142857142857
1982,8,5.94515306122449,30.91073543575594,5,5.559742389333874,0.648576013480296,2.404105693450535,1.5,7.875,6.375
1982,9,5.108212639894669,27.667854917641847,5,5.260024231659189,0.7242373837280577,2.6579206441057233,0,7.5,7.5
1982,10,5.561389071757736,32.62269669223845,5,5.711628199755167,0.524961955700397,2.2274042172413835,0,8.40322580645161,8.40322580645161
1982,11,5.206684403059528,31.460282619569966,5,5.608946658649017,0.7032397916561623,2.5039045727407707,0,7.5,7.5
1982,12,4.770408163265306,29.883512078300708,3.5,5.466581388610318,0.8243122432004301,2.7801863275568293,0,7.5,7.5
1983,1,4.302551020408163,26.754797914063584,3.5,5.172504027457454,1.0826349711621641,3.3420531777435034,0,6.88333333333333,6.88333333333333
1983,2,4.228813559322034,27.047586314042995,3.5,5.200729402116879,1.0399156446733335,3.336832002757035,0,6.97457627118644,6.97457627118644
1983,3,3.311771561771562,21.97291907781419,1.5,4.6875280348830115,1.3088161123020292,4.171095093075868,0,5,5
1983,4,4.381058673469388,22.614741772227067,3.5,4.755495954390779,1.01728455619512,3.5181651823228686,0,6.4609375,6.4609375
1983,5,4.437630270963604,23.233199989439633,3.5,4.820082985742013,0.9621835659054967,3.328738531404352,0,7.5,7.5
1983,6,4.344396344396344,24.52628300920749,3.5,4.952401741499521,1.0467591554978282,3.453899835650802,0,6.6984126984127,6.6984126984127
1983,7,4.451298701298702,23.627055574295838,3.5,4.860766973873139,1.1184097787453684,3.567233391942162,0,6.40909090909091,6.40909090909091
1983,8,4.709548104956269,22.35478024143852,3.5,4.728084204140036,1.1151145440400303,3.6510266438820116,1.5,6.20714285714286,4.70714285714286
1983,9,4.649178350670889,25.27413643558496,3.5,5.027338902002227,1.0755802106564927,3.3435835921612447,0,6.56716417910448,6.56716417910448
1983,10,5.171930573339026,26.196620049033292,3.5,5.11826338214763,0.9372071756857272,3.004894567023724,1.5,7.5,6
1983,11,4.810999399759904,24.407947233139957,3.5,4.940439983760552,0.9208521626137216,3.173882306460365,0,7.5,7.5
1983,12,4.765531212484993,22.370563169370392,3.5,4.72975297128406,0.9228223981475028,3.3401099453017045,1.5,6.36029411764706,4.86029411764706
1984,1,4.3853889381839695,20.061535634919323,3.5,4.479010564278602,1.1296870203124656,3.765672813829257,0,5.94202898550725,5.94202898550725
1984,2,4.49635241301908,21.302504543344657,3.5,4.61546363254491,1.2772574963201084,4.136047020942893,1.5,5,3.5
1984,3,4.676909944515577,22.191423531814138,3.5,4.710777380837916,1.005054413121003,3.3857485091456043,1.5,7.5,6
1984,4,5.304743519029233,25.527351718254717,3.5,5.052459967011586,0.9440801422842877,3.0514982556512216,1.5,7.5,6
1984,5,4.930356193514088,21.404767035050128,5,4.626528616041419,1.078239570702685,3.6839774980559,1.5,7.5,6
1984,6,4.9941520467836265,20.386876809025935,5,4.515182920882158,0.891087944770107,3.2176038973415744,1.5,7.5,6
1984,7,4.450994627559169,20.41008157594915,3.5,4.5177518276183735,1.1900890102747925,4.076689324273593,1.5,5,3.5
1984,8,4.21969696969697,20.37963728191001,3.5,4.51438116267446,1.2925536738483165,4.269852185843879,1.5,5,3.5
1984,9,4.131854176004781,19.143857457797413,3.5,4.375369408152575,1.2649341780190886,4.290578872206133,1.5,5,3.5
1984,10,4.984977324263038,24.268483770586844,3.5,4.926305285971105,1.0050537709751048,3.3151404839525975,1.5,7.5,6
1984,11,4.688056912906008,24.12029542363201,3.5,4.911241739482186,1.1279638993666132,3.606553796313526,1.5,6.23239436619718,4.73239436619718
1984,12,4.447131026323573,21.535285857009626,3.5,4.6406126596613975,1.1004790063295413,3.7485099747475132,0,6.07971014492754,6.07971014492754
1985,1,3.872749099639856,18.566905153417906,3.5,4.308933180430849,1.3806961645834068,4.754429916045069,0,5,5
1985,2,4.525685425685426,23.087241722523107,3.5,4.8049184928074595,1.1579662222624587,3.6546896093782815,0,6.13571428571429,6.13571428571429
1985,3,4.369428571428571,22.55124497959184,3.5,4.7488151132247545,1.23561918492276,3.896667538981366,0,5,5
1985,4,4.8110155610155605,23.03538992421056,3.5,4.799519759747902,1.054037848775067,3.4361624637812853,1.5,7.5,6
1985,5,4.405343716433943,20.773921675063832,3.5,4.557841778195447,1.3541596217974115,4.43328235919423,1.5,5,3.5
1985,6,4.6237079247283335,21.634605047870018,3.5,4.6513014359284455,1.233323138064602,3.978113670225032,1.5,5,3.5
1985,7,3.8713188220230474,17.61390318397406,3.5,4.196892086291243,1.449181862104924,5.057372646841724,1.5,5,3.5
1985,8,3.755512875231185,17.373410799528756,3.5,4.16814236795347,1.5549264372010714,5.336530712023944,0,5,5
1985,9,4.139307897071872,21.512208602433297,3.5,4.638125548369007,1.2880587075744254,4.053318758875555,0,5,5
1985,10,4.672278338945006,21.91470226646059,3.5,4.681314160196962,1.0882749822418751,3.487360773414883,1.5,6.13888888888889,4.63888888888889
1985,11,4.250291545189504,21.500500747987658,3.5,4.6368632444776345,1.1995896975138318,3.978621786003991,0,5,5
1985,12,4.875743738757437,22.726324049370618,3.5,4.7672134470118515,1.1671210428706804,3.74441339625424,1.5,6.23972602739726,4.73972602739726
1986,1,3.973822734386114,19.12873732404789,3.5,4.373641197451831,1.459676368562868,4.98268108456487,1.5,5,3.5
1986,2,3.4448051948051948,16.165573874177774,3.5,4.020643465190338,1.4092839619456359,5.433623729334068,0,5,5
1986,3,3.125730994152047,18.294004992989294,3.5,4.277149166558175,1.316055636952595,4.87212976714914,0,5,5
1986,4,3.3737373737373737,20.24920926436078,1.5,4.499912139626815,1.3919890435807156,4.664045088372231,0,5,5
1986,5,3.405733722060252,16.939387736213465,3.5,4.115748745515628,1.4086386883784137,5.195677799914603,0,5,5
1986,6,3.8620931537598207,17.32662369265671,3.5,4.162526119156096,1.4731237652771991,5.246254948838255,1.5,5,3.5
1986,7,3.559993878175696,17.68871181601098,3.5,4.205795027817093,1.463647767141427,5.4121575409101546,0,5,5
1986,8,4.087,18.482531,3.5,4.299131423904136,1.3008249825243494,4.557545219897637,1.5,5,3.5
1986,9,3.5838383838383847,14.921152943577187,3.5,3.8627908231714008,1.5281407997883427,5.9751806882241585,1.5,5,3.5
1986,10,3.8768939393939394,14.741355314508725,3.5,3.839447266796189,1.2739956610095748,4.809428824534594,1.5,5,3.5
1986,11,3.6197106197106192,14.535611816119594,3.5,3.8125597459081995,1.3544249382436964,5.179444673498321,1.5,5,3.5
1986,12,3.9952861952861953,17.233692707093386,3.5,4.151348299901296,1.3953523436435418,5.139088981100318,1.5,5,3.5
1987,1,4.051196900511969,17.556240149130964,3.5,4.190016724206595,1.4025128080957103,4.971746586308681,1.5,5,3.5
1987,2,4.2369594594594595,18.434913490686633,3.5,4.2935898139769515,1.2966452717694006,4.434652373885023,1.5,5,3.5
1987,3,3.747474747474748,14.50862156922763,3.5,3.809018452203616,1.538989873555227,5.963614827121092,1.5,5,3.5
1987,4,3.8836000000000004,14.119333706666666,3.5,3.757570186525684,1.264877928351388,5.005711971763608,1.5,5,3.5
1987,5,4.482070707070706,16.42998314904091,3.5,4.053391561278149,1.3753865964109333,4.874616469370793,1.5,5.30625,3.8062500000000004
1987,6,4.480756936453139,16.77002270679227,3.5,4.095121818309227,1.3713216059235278,4.82099231628594,1.5,5.26582278481013,3.7658227848101298
1987,7,4.228438228438228,16.441002276666612,3.5,4.054750581314048,1.3178155119137258,4.57311583139911,1.5,5,3.5
1987,8,4.350378787878787,15.43916257747934,3.5,3.9292699802227053,1.5511772417964806,5.551694585704442,1.5,5,3.5
1987,9,4.026584317937702,15.221147251087674,3.5,3.901428873001233,1.4821654103714879,5.354166455194444,1.5,5,3.5
1987,10,4.310701956271577,15.556336551631595,3.5,3.9441521968138598,1.2966363965073004,4.863239192885644,1.5,5,3.5
1987,11,4.017643097643098,16.819211055561222,3.5,4.101123145622577,1.3450118892772338,5.259197328051298,1.5,5,3.5
1987,12,4.007644007644009,16.945968677336413,3.5,4.1165481507370245,1.2686923064283853,4.561665822120178,1.5,5,3.5
1988,1,4.247405562474055,21.49495733534185,3.5,4.636265451345711,1.316496143705934,4.351803464911274,1.5,5,3.5
1988,2,4.230510230510229,18.909585598914784,3.5,4.348515332721592,1.415916693380977,4.816728135751585,1.5,5,3.5
1988,3,3.9388311688311677,14.597181801315562,3.5,3.820625838958267,1.4887177446255668,5.709263978100209,1.5,5,3.5
1988,4,4.365214646464646,16.2620589974875,3.5,4.032624331311745,1.452276934182935,5.169256676376304,1.5,5,3.5
1988,5,4.578467602857847,18.674857322830213,3.5,4.321441579245311,1.4916455086947884,4.978109573833698,1.5,5,3.5
1988,6,4.967951116099264,20.164926722465992,3.5,4.490537464765882,1.2129882570622317,4.029239697135649,1.5,5.76543209876543,4.26543209876543
1988,7,5.626896551724137,19.536745065398335,5,4.420039034374961,1.0470055042978086,3.551485304250159,3.5,7.5,4
1988,8,5.258792746744555,18.119213560479174,5,4.256666954376296,1.2710264172100973,4.434457558134454,3.5,5.76506024096386,2.2650602409638596
1988,9,5.14349376114082,17.636368402489822,5,4.199567644709372,1.389219123667366,4.70415619174912,3.5,5.61764705882353,2.11764705882353
1988,10,4.954081632653061,18.13819762598917,3.5,4.258896291997396,1.2691911401029081,4.330723468055664,1.5,5.5,4
1988,11,4.903249361080686,18.23768225012633,3.5,4.270559945736195,1.2463995078120522,4.3674874928533445,1.5,5.58433734939759,4.08433734939759
1988,12,5.003565062388592,17.120028533208778,3.5,4.137635621125763,1.219331489228647,4.1391889070537005,1.5,5.58823529411765,4.08823529411765
1989,1,4.871933621933622,18.762162701015516,3.5,4.33153121898198,1.367556507784816,4.5896329125330375,1.5,5.46428571428571,3.96428571428571
1989,2,4.83777534379944,16.058940583454852,3.5,4.007360800259299,1.2638213254739672,4.71253623425176,1.5,5.48795180722892,3.98795180722892
1989,3,5.115857368869417,21.486678241467388,3.5,4.635372502989095,1.1968587003822972,3.8363396234725617,1.5,7.5,6
1989,4,5.212558139534885,17.79000562466198,5,4.217820008566271,1.1795165880426302,4.148521365451081,1.5,5.7093023255814,4.2093023255814
1989,5,5.501604278074867,21.41936445295992,5,4.6281059249934975,1.0573025957519024,3.5269462211041143,1.5,7.5,6
1989,6,5.026470588235293,18.406607266435987,3.5,4.290292212243355,1.2064053545318574,4.1218766992333205,1.5,5.62941176470588,4.12941176470588
1989,7,4.931118413046122,17.527438825485337,5,4.186578415064662,1.2878168422690186,4.549819646992495,1.5,5.53012048192771,4.03012048192771
1989,8,4.482196969696971,15.449104611455466,3.5,3.930534901442228,1.3048189661614022,4.753733169698602,1.5,5,3.5
1989,9,4.126075570520015,13.86208918241175,3.5,3.7231826684184797,1.5573727785617786,5.954098865930957,1.5,5,3.5
1989,10,4.493197278911564,15.180792725253365,3.5,3.896253678247011,1.296482364172149,4.813990400111989,1.5,5.16666666666667,3.6666666666666696
1989,11,4.603067714178826,16.27662423237516,3.5,4.034429852206524,1.3748469877900695,4.911765413164559,1.5,5.28395061728395,3.78395061728395
1989,12,4.598823529411765,16.380614532871974,3.5,4.047297188602781,1.450127163113598,5.394751098836637,1.5,5,3.5
1990,1,5.081259333001494,18.724434993376004,3.5,4.327174019308214,1.1384720627319553,4.057681829682401,1.5,5.79268292682927,4.29268292682927
1990,2,4.710625,16.820019921875,3.5,4.101221759655895,1.175949635526024,4.519319142162905,1.5,5.6125,4.1125
1990,3,4.7867469879518065,17.801446508927278,3.5,4.219176046211781,1.3004857289755334,4.6095372448309675,1.5,5.44578313253012,3.94578313253012
1990,4,4.480059523809523,15.817673876842402,3.5,3.9771439346398316,1.4204942502134177,5.250320746975074,1.5,5,3.5
1990,5,4.590843373493975,14.449550500798374,3.5,3.801256437126858,1.3412980985463587,4.980346595953612,1.5,5.18072289156626,3.68072289156626
1990,6,4.550445632798573,15.581551215203305,3.5,3.947347364395906,1.4525477061308234,5.2966739057380305,1.5,5,3.5
1990,7,4.570843373493975,15.632784235738136,3.5,3.9538315891977667,1.2908819382157248,4.581641557985849,1.5,5,3.5
1990,8,5.786091954022988,22.145717122473243,5,4.705923620552425,0.9884401690032579,3.3353604749390544,3.5,7.5,4
1990,9,5.6804069767441865,21.140107798134125,5,4.597837295743959,0.9516997297401405,3.452996566628446,3.5,7.5,4
1990,10,5.896555920652308,21.321168603148664,5,4.617485095065133,0.8470554245721138,3.2881528526554273,3.5,7.5,4
1990,11,5.584390243902439,22.67214063057704,5,4.761527132189529,0.73887152235687,3.011305239624673,1.5,7.5,6
1990,12,5.233896103896105,23.927284516781924,5,4.891552362674034,0.8145217189599847,3.2688498306975378,1.5,7.5,6
1991,1,4.886363636363637,24.90385866238139,3.5,4.990376605265517,0.8824803759347486,3.3315128882818152,1.5,7.5,6
1991,2,4.487590187590187,23.32270520084372,3.5,4.829358673865891,1.0678770536896418,3.6585719712699656,0,6.19285714285714,6.19285714285714
1991,3,4.20026350461133,21.86206048570716,3.5,4.675688236581558,1.1590508820403085,3.8974158243484487,0,5,5
1991,4,4.231458333333332,22.31517848668981,3.5,4.7238944195112795,1.175845371747211,4.120367775882351,1.5,5,3.5
1991,5,4.195973822734386,22.11469890374088,3.5,4.702626808895309,1.2549394136635035,4.221829699975846,1.5,5,3.5
1991,6,4.580455259026688,20.81042708412915,3.5,4.5618447018864146,1.1530140210927162,3.9053388030991214,1.5,5.59615384615385,4.09615384615385
1991,7,3.8738085076113244,15.22707503197786,3.5,3.9021884926253705,1.2046032536964875,4.569679409980154,1.5,5,3.5
1991,8,3.978324915824915,16.629076522095247,3.5,4.0778764721476355,1.1977958707058958,4.698630287143155,1.5,5,3.5
1991,9,3.673400673400673,14.63940470927003,3.5,3.8261475022886966,1.2944980967501722,5.039223751002519,1.5,5,3.5
1991,10,4.286413195415151,19.751706437761396,3.5,4.444289193758817,1.4090647705812047,4.93761233614193,1.5,5,3.5
1991,11,3.9742883379247025,20.815152000006748,3.5,4.562362545875409,1.2776710224784462,4.392320883419837,0,5,5
1991,12,3.553690753690754,19.310479923253816,3.5,4.394369115499267,1.324180740935238,4.745969114806913,0,5,5
1992,1,3.3696340605207604,18.92461335100664,3.5,4.350242907126755,1.2210784269509163,4.459692500160883,0,5,5
1992,2,3.418650793650794,18.951493291761146,3.5,4.353331286700008,1.437315054513314,5.030441715705992,0,5,5
1992,3,3.368035190615836,16.55354725000454,3.5,4.068605074224401,1.2895682274664302,4.561057374283701,0,5,5
1992,4,3.737014925373134,17.109693829360655,3.5,4.136386566722295,1.4291445682567079,5.433461826883402,0,5,5
1992,5,3.6363636363636367,16.159621493225387,3.5,4.019903169632993,1.175356943986048,4.488092467732438,0,5,5
1992,6,4.195931921959319,19.35498332753489,3.5,4.39942988664837,1.190298788554002,4.2069859893116455,1.5,5,3.5
1992,7,3.6740938799762324,19.046095501165222,3.5,4.364183257055691,1.544763516164089,5.37186887268414,0,5,5
1992,8,3.9984628897672376,21.11437868787356,3.5,4.5950384860057,1.3005568682342101,4.304926097325005,0,5,5
1992,9,3.948285673637786,18.047697929118762,3.5,4.248258222980185,1.3665277852564,4.890673957616045,1.5,5,3.5
1992,10,3.412587412587413,15.525623638211055,3.5,3.9402567985108603,1.5290628156123103,5.8126125037135825,0,5,5
1992,11,4.097643097643098,19.94024135859153,3.5,4.46544973755069,1.4167066670090922,4.596270506368957,1.5,5,3.5
1992,12,3.3547880690737832,14.584275166412414,3.5,3.818936392035407,1.6639873209632552,6.428407695214242,0,5,5
1993,1,3.602400819792125,14.294456480860536,3.5,3.780801036931266,1.3169005414174977,5.141362098597741,0,5,5
1993,2,4.213013698630137,19.78389331957215,3.5,4.447908870421262,1.3302618887182285,4.505343643107664,1.5,5,3.5
1993,3,4.329054054054053,21.476796475529582,3.5,4.634306471903814,1.4662535151518827,4.61933926558351,1.5,5,3.5
1993,4,3.8192009198045413,17.33036526554721,3.5,4.162975530260442,1.4885042706796425,5.376796960290715,1.5,5,3.5
1993,5,4.126216216216215,19.35676121256391,3.5,4.399631940579111,1.3918923974977047,4.712173124593665,1.5,5,3.5
1993,6,4.677551020408164,19.557169512703048,3.5,4.422348868271594,1.2194068829429459,4.127504458034776,1.5,5.78,4.28
1993,7,4.140272108843538,17.72147384885927,3.5,4.209688094011154,1.445643992305056,4.852255166657206,1.5,5,3.5
1993,8,4.232123870281765,18.498126207018284,3.5,4.300944803995779,1.3804238837003668,4.9634211753033135,1.5,5,3.5
1993,9,4.278681742967457,20.94979955317498,3.5,4.5770950998613715,1.4145839068408477,4.514511668154754,1.5,5,3.5
1993,10,4.071351351351352,15.169759240321405,3.5,3.8948375114144884,1.2841668770577819,5.177608002691201,1.5,5,3.5
1993,11,3.673050041934583,14.358846618062515,3.5,3.7893068783172623,1.6344464551759743,6.25812534285848,1.5,5,3.5
1993,12,3.8107871720116617,15.63424536120154,3.5,3.954016358236463,1.6224159825585378,6.173942839338885,1.5,5,3.5
1994,1,3.7077368260737127,16.580274109816685,3.5,4.071888273248258,1.6113297413124839,5.832208292567403,0,5,5
1994,2,3.5507184521269033,14.95450636076895,3.5,3.867105682648064,1.8047649159415287,6.947727514745969,1.5,5,3.5
1994,3,4.101010101010101,16.71201918171615,3.5,4.088033657116359,1.5350954285841936,5.3036336304218406,1.5,5,3.5
1994,4,4.018974358974358,17.362614990138063,3.5,4.166847128241935,1.6306214500105403,5.699417209733982,1.5,5,3.5
1994,5,3.6881490965998007,12.546736999436979,3.5,3.542137349036169,1.482192590729572,6.044478096364536,1.5,5,3.5
1994,6,3.794949494949495,16.482326584750822,3.5,4.0598431724329975,1.4623436087922224,5.063299270684567,1.5,5,3.5
1994,7,3.9508108108108093,16.58421300219138,3.5,4.072371913540238,1.5319343311867923,5.480591821175931,1.5,5,3.5
1994,8,4.52997507542962,19.149962866198422,3.5,4.376067054582051,1.367097010178181,4.391042654148412,1.5,5.49350649350649,3.99350649350649
1994,9,4.464819277108434,15.07904610248222,3.5,3.883174745293111,1.398624793117028,4.894564992494711,1.5,5,3.5
1994,10,3.8051948051948052,13.207670395982085,3.5,3.634235875116265,1.6865800577960668,6.734145669365095,1.5,5,3.5
1994,11,4.410783232211804,17.55792526868979,3.5,4.190217806831739,1.2936603457036506,4.599345502013745,1.5,5.3445945945946,3.8445945945946
1994,12,4.0045257772530505,15.680085945085409,3.5,3.9598088268356353,1.6804605702360416,6.00237385876442,1.5,5,3.5
1995,1,3.826868686868687,14.231826221814103,3.5,3.772509273920225,1.6608234435037263,6.192308198537009,1.5,5,3.5
1995,2,3.967070707070707,15.181917681869196,3.5,3.896398039455055,1.7218400165130308,6.300468165156262,1.5,5,3.5
1995,3,4.208461538461537,16.056166568047335,3.5,4.0070146703059795,1.6655099778138633,6.113437286341879,1.5,5,3.5
1995,4,4.265483785220629,15.110360279676366,3.5,3.887204687133978,1.4235176991126393,5.116312913508551,1.5,5,3.5
1995,5,4.048232323232323,15.835364615217834,3.5,3.9793673636921025,1.5214042974852107,5.1553064471046675,1.5,5,3.5
1995,6,4.039931506849315,17.126072485456937,3.5,4.1383659197148015,1.4754404824929992,5.145465103763149,1.5,5,3.5
1995,7,3.849605263157894,14.918041914819941,3.5,3.8623881103301803,1.6026772386852313,5.745898181853624,1.5,5,3.5
1995,8,3.8203748006379583,15.861809275708483,3.5,3.9826886993221655,1.672018804305126,6.075490753057005,1.5,5,3.5
1995,9,3.8788157894736837,15.714356977146812,3.5,3.9641338243236457,1.765681190878631,6.1131284189701915,1.5,5,3.5
1995,10,3.6605263157894736,11.831405817174515,3.5,3.4396810632927166,1.7924353411049117,6.946981419735447,1.5,5,3.5
1995,11,3.71921921921922,14.714237169192126,3.5,3.835914124324491,1.6116306049660183,6.053350083360602,1.5,5,3.5
1995,12,3.382039573820396,12.112813778198152,3.5,3.4803467899331744,1.7442944234917808,7.040317749196328,1.5,5,3.5
1996,1,3.8876435588764355,16.9425166652374,3.5,4.116128844586549,1.5251151787461366,5.427124357707953,1.5,5,3.5
1996,2,3.5317884729649442,14.351345230290393,3.5,3.7883169389968407,1.6634670079823655,6.485369400452517,1.5,5,3.5
1996,3,4.04921052631579,17.70100976454294,3.5,4.207256798026826,1.6361945488815106,5.525448839790524,1.5,5,3.5
1996,4,4.063908313908314,14.576951678641656,3.5,3.817977432966525,1.8156508399425324,6.557643985524534,1.5,5,3.5
1996,5,4.731351981351982,21.492748898343308,3.5,4.636027275409767,1.3690447785649174,4.232958775252113,1.5,5.55769230769231,4.05769230769231
1996,6,3.6415189873417715,13.450752699887833,3.5,3.667526782436337,1.7661425799953496,7.024699434753593,1.5,5,3.5
1996,7,4.0807424898333995,16.561963164803853,3.5,4.0696391934425655,1.5702387075386737,5.419336421328801,1.5,5,3.5
1996,8,4.000315656565657,14.749938741901335,3.5,3.84056489880087,1.7865932283836266,6.582444139937257,1.5,5,3.5
1996,9,4.216987951807228,13.884714022354476,3.5,3.7262198032797897,1.5785003087416734,5.880314226044029,1.5,5,3.5
1996,10,4.017133358905511,14.349712679207759,3.5,3.788101461049817,1.6337286638437396,5.919633548671597,1.5,5,3.5
1996,11,3.9663299663299667,13.999988663288324,3.5,3.741655871841814,1.6340514369975567,6.118516140734101,1.5,5,3.5
1996,12,3.9021875,13.04768857421875,3.5,3.6121584370316246,1.7542075903743206,6.837248087950075,1.5,5,3.5
1997,1,3.974377925597438,13.299481264006799,3.5,3.6468453852620075,1.8123708619092016,6.658575891363343,1.5,5,3.5
1997,2,3.837930587930588,12.91772760511429,3.5,3.594124038637828,1.8634683380922303,7.119585778830244,1.5,5,3.5
1997,3,3.651315789473684,12.652429016620497,3.5,3.557025304467273,1.6205699575039978,6.198601589528792,1.5,5,3.5
1997,4,3.834239834239834,12.763845730564194,3.5,3.5726524782805553,1.6018506083795134,6.048875515515915,1.5,5,3.5
1997,5,3.87170731707317,13.417929000594881,3.5,3.663049139800732,1.813315412159128,6.7431469157893185,1.5,4.44512195121951,2.9451219512195097
1997,6,3.6772856772856777,11.719350109922503,3.5,3.42335363494958,1.8484475807516114,7.082354650764146,1.5,5,3.5
1997,7,3.3469387755102047,9.660245730945437,3.5,3.1080935846504745,1.7360775401536288,7.363942896629682,1.5,4,2.5
1997,8,3.506569751188147,12.29499821765326,3.5,3.5064224243027624,2.1327453980811093,8.390165668052607,1.5,4.16438356164384,2.66438356164384
1997,9,3.542371769644497,10.724197058657364,3.5,3.2747819864316714,1.9212880126646172,7.974906176250876,1.5,5,3.5
1997,10,3.2891414141414135,9.83855282624222,3.5,3.1366467487178435,1.6949202024348622,7.187560905561333,1.5,4.06944444444444,2.56944444444444
1997,11,3.6671258034894403,11.455456560765851,3.5,3.384591047787879,1.7457162553987033,7.157692328536687,1.5,5,3.5
1997,12,3.6781249999999988,12.690254991319442,3.5,3.5623384161698395,1.5530705797068372,6.1084760496475035,1.5,5,3.5
1998,1,2.958175505050505,12.571105726615908,1.5,3.5455755141606993,1.748082720789656,7.114576902860991,0,4.265625,4.265625
1998,2,2.823590453130404,8.685948717144932,3.5,2.947193362700339,1.7849386832884955,8.9202016500031025,1.5,3.84745762711864,2.34745762711864
1998,3,3.2883597883597884,12.083196540868501,3.5,3.4760892596233055,1.4879708915123198,5.654452928930153,1.5,4.42063492063492,2.92063492063492
1998,4,2.988679846938776,9.877897454023064,3.5,3.1429122568126306,1.6671515792841824,7.325598361243346,1.5,4.0390625,2.5390625
1998,5,3.4737516005121627,10.599570209315747,3.5,3.255698113971218,1.6034714457333892,6.2881272655685,1.5,5,3.5
1998,6,3.6110399772371604,12.402600522466109,3.5,3.521732602351591,1.6834008353107883,6.549701494105275,1.5,5,3.5
1998,7,3.3758982466225933,10.262834062024181,3.5,3.203565835444026,1.58024197523181,6.549112652060097,1.5,5,3.5
1998,8,2.958813960366755,8.139332112678668,3.5,2.8529514739438993,1.3845798552654252,5.805753555858509,1.5,3.7463768115942,2.2463768115942
1998,9,3.1111288265306123,11.55506059995347,3.5,3.3992735400307916,1.565026298306332,6.160825401737548,1.5,4.171875,2.671875
1998,10,2.9030612244897958,8.47886817992503,3.5,2.911849614922623,1.279541293924353,5.5561693054091945,1.5,3.9,2.4
1998,11,2.95828125,11.11408596191406,1.5,3.33377953108991,1.544999600994459,6.391209525459597,0,4.1328125,4.1328125
1998,12,3.0185436454093173,9.88282959201771,3.5,3.143696803449358,1.5999093566309441,7.232155396736404,1.5,4.03731343283582,2.53731343283582
1999,1,3.3105694627433753,10.72422715932801,3.5,3.2747865822566222,1.5901907437744547,6.561526875807365,1.5,4.22463768115942,2.72463768115942
1999,2,3.1407028026746335,9.825104827082548,3.5,3.1345023252635413,1.798170877235274,7.516789454018419,1.5,3.93661971830986,2.43661971830986
1999,3,3.5570876999448426,12.577721450978087,3.5,3.5465083463849463,1.6885818877939003,6.577824728766009,1.5,5,3.5
1999,4,3.233653846153846,8.355276442307693,3.5,2.8905495052511543,1.9599001719199771,9.06649972621538,1.5,3.76282051282051,2.26282051282051
1999,5,3.540263748597082,11.527447487800439,3.5,3.3952094910035284,1.8372492438373507,7.3085025737816975,1.5,4.29861111111111,2.79861111111111
1999,6,3.3535714285714278,10.632181122448978,3.5,3.260702550440469,1.2367910539264928,4.492516056167009,1.5,4.21428571428571,2.71428571428571
1999,7,3.287878787878788,10.095156106519742,3.5,3.177287539162885,1.1944883651685654,4.596950856627052,1.5,4.25,2.75
1999,8,3.380821199003017,8.27993743569215,3.5,2.877488042667102,1.9518567960591493,8.846235811876376,1.5,3.87012987012987,2.37012987012987
1999,9,3.570612244897959,11.620826155768428,3.5,3.408933287080935,1.607479287874031,5.879944628037103,1.5,4.21333333333333,2.7133333333333303
1999,10,3.7429674572531724,9.685033689091684,3.5,3.112078676558754,1.7237825016710742,6.7887168278050005,1.5,5,3.5
1999,11,3.6283783783783794,11.371454845634386,3.5,3.3721587812015,1.4702247156024155,5.69837381766954,1.5,5,3.5
1999,12,3.885392385392386,13.263701506125749,3.5,3.641936504955262,1.580138932673376,5.747521195541823,1.5,5,3.5
2000,1,3.7380952380952386,12.093485879200166,3.5,3.4775689610991423,1.318506625832899,5.213527703807472,1.5,5,3.5
2000,2,3.8601600419782245,11.235264019117908,3.5,3.351904536098531,1.5148663596567868,5.603262005231408,1.5,5,3.5
2000,3,4.047222222222223,10.063294051627386,3.5,3.1722695427134475,1.5334794683611024,6.090432506224047,1.5,5,3.5
2000,4,3.91138047138047,9.481553537620876,3.5,3.079213136114627,1.586506657432659,6.714390882688637,1.5,5,3.5
2000,5,3.9399367088607593,11.50408547908989,3.5,3.3917673091015383,1.5175474959539346,5.446606890139585,1.5,5,3.5
2000,6,3.8745563745563754,12.093674290029739,3.5,3.477596050439116,1.5970309530859577,6.353522326489018,1.5,5,3.5
2000,7,3.977272727272727,13.07681932966024,3.5,3.616188508590259,1.5352516549081319,5.739619875810048,1.5,5,3.5
2000,8,3.6316498316498316,14.127595370086953,3.5,3.758669361634108,1.8097223492610166,6.624751450142911,1.5,5,3.5
2000,9,3.962462462462462,13.809934832457355,3.5,3.7161720671219403,1.6651108667942016,6.284716084682894,1.5,5,3.5
2000,10,4.398030942334741,15.329759612540151,3.5,3.915323691923843,1.3856393362018158,4.9303305290066914,1.5,5.05063291139241,3.5506329113924098
2000,11,3.8848979591836734,13.938563765097875,3.5,3.733438598008259,1.7068241974713767,6.367144450401017,1.5,5,3.5
2000,12,3.646258503401361,13.046777384423159,3.5,3.6120323066693576,1.5378480427858836,6.0030756870030775,1.5,5,3.5
2001,1,3.9553386572020104,14.105824421508892,3.5,3.7557721471767813,1.3468506295351568,5.135437900883715,1.5,5,3.5
2001,2,3.3485499462943062,14.824336139566345,3.5,3.8502384522995903,1.5524957212363568,6.297429957371424,0,4.92982456140351,4.92982456140351
2001,3,3.587801087801088,14.323078130537336,3.5,3.7845842744662637,1.3677210559840223,5.361362397696745,1.5,5,3.5
2001,4,4.025855570631691,16.800397957219012,3.5,4.098828851906238,1.2328332176596708,4.644754130439212,1.5,5.30597014925373,3.8059701492537297
2001,5,4.215025140490979,16.331063375802334,3.5,4.041171040156843,1.391325065987856,5.402281512297778,1.5,5.15942028985507,3.6594202898550696
2001,6,4.164818101153505,16.90938418787908,3.5,4.112102161653949,1.2615830762780527,4.522527152375011,1.5,5.13768115942029,3.63768115942029
2001,7,3.383838383838384,14.168535098459344,3.5,3.7641114620132257,1.4206960408729459,5.555510739193609,0,5,5
2001,8,3.302704463994787,14.174328237015466,3.5,3.764880906086601,1.443318747806373,5.698804890679279,0,5,5
2001,9,3.596219931271478,16.594722251744784,3.5,4.073662019822556,1.3454549442533645,5.17608592260555,0,5,5
2001,10,2.3096465390279826,16.264904314366834,1.5,4.032977103129503,1.5418365739448592,5.702791386328745,0,5,5
2001,11,1.8503681885125183,14.033730666036208,0,3.7461621249001236,1.5921068596767438,5.911043402013446,0,3.5,3.5
2001,12,2.5993814432989693,15.314156318418535,1.5,3.9133305915062344,1.2997629927050367,4.718438064953041,0,4.83,4.83
2002,1,2.605997501041232,11.504910013372532,1.5,3.391888856282371,1.453979790371383,6.262527002244811,0,4.44897959183673,4.44897959183673
2002,2,2.7922077922077917,10.406771799628943,1.5,3.2259528514268374,1.1859292768516443,4.609164934311044,0,4.36363636363636,4.36363636363636
2002,3,3.3293455313159743,12.10701842920186,3.5,3.4795141082056067,1.6279306081496956,6.899652771006268,0,4.55172413793103,4.55172413793103
2002,4,3.4084821428571432,10.44406688456633,3.5,3.231728157590971,1.4342814625057594,6.333521205682361,1.5,4.359375,2.859375
2002,5,3.4024583663758925,11.69768382406119,3.5,3.420187688426059,1.7231107267315615,7.238503237432317,1.5,4.45384615384615,2.9538461538461496
2002,6,3.2148047997295923,9.431220598254447,3.5,3.0710292408660727,1.1459471322425472,4.798761574917058,1.5,4.29508196721311,2.79508196721311
2002,7,3.0796096558808426,11.07192844588055,3.5,3.3274507428180735,1.4627506232207268,6.220818047714403,0,4.40677966101695,4.40677966101695
2002,8,3.0082348728965274,10.616508087773525,3.5,3.258298342351959,1.0536189522077404,4.23142231131288,0,4.48245614035088,4.48245614035088
2002,9,3.413516226162596,13.284649071800123,3.5,3.6448112532475703,1.3340502525201337,4.8838086332145885,0,5,5
2002,10,3.4723277265328263,14.648261860439508,3.5,3.827304777573836,1.172711821844529,4.315756662732559,0,5,5
2002,11,2.8719336219336213,11.295119823258352,3.5,3.360821301893088,1.5223807407682517,6.372686332746642,0,4.39285714285714,4.39285714285714
2002,12,3.136577708006279,13.744505417491231,3.5,3.7073582801627403,1.2428942775850504,4.779038826045041,0,4.99038461538461,4.99038461538461
2003,1,2.9024454609429986,10.60696176341754,3.5,3.256833088050037,1.488905374242338,6.640035630247516,0,4.26724137931035,4.26724137931035
2003,2,3.6663510101010104,14.542768076918172,3.5,3.8134981417221345,1.306881676343369,5.100437168505957,1.5,5,3.5
2003,3,4.311322176993818,15.191505206221313,3.5,3.8976281513532447,1.0957732034272882,4.323547043161065,1.5,5.23880597014925,3.73880597014925
2003,4,3.292929292929293,16.45964697479849,3.5,4.05704904762051,1.5070412269142293,5.5810483920390705,0,5,5
2003,5,2.846358320042531,12.225631761810728,1.5,3.4965170901642577,1.5447456384164413,5.95839483903001,0,4.42105263157895,4.42105263157895
2003,6,2.8949357520786094,13.361471721887714,1.5,3.6553346935523856,1.4615426577988944,5.391821793262958,0,4.62037037037037,4.62037037037037
2003,7,2.614992150706436,10.607965369458976,1.5,3.2569871613899517,1.2600624794914175,4.744344253835198,0,4.32692307692308,4.32692307692308
2003,8,3.1971395115423213,10.796086158056287,3.5,3.28573981898389,1.106237546775955,4.276274069544965,0,4.4016393442623,4.4016393442623
2003,9,3.842592592592592,15.173040732805045,3.5,3.895258750430457,1.4772386571296943,5.47818656526511,1.5,5,3.5
2003,10,3.4494949494949494,14.132550249974491,3.5,3.7593284307139876,1.2552200349739495,4.564655699144141,0,5,5
2003,11,3.4408369408369417,12.944929609431778,3.5,3.5979062813575036,1.6474037225872096,6.362851422395451,1.5,4.5952380952381,3.0952380952381002
2003,12,2.994031221303949,9.60270667270417,3.5,3.0988234336122105,1.2371032318476287,4.952582083175312,0,4.11363636363636,4.11363636363636
2004,1,3.3779461279461285,11.87009545511229,3.5,3.4453004883627045,1.4280324453554765,5.715469457945944,1.5,4.4469696969697,2.9469696969697
2004,2,3.214330808080809,11.877446537661974,3.5,3.44636715073452,1.4071584065736449,5.644907154559032,0,4.46875,4.46875
2004,3,3.744685662596111,13.271582243381998,3.5,3.6430182875442716,1.4029700974211776,5.61689490174863,1.5,5,3.5
2004,4,4.34998634998635,13.481618577851176,3.5,3.671732367405225,1.347719824203074,4.970143308207597,1.5,5,3.5
2004,5,4.338254338254338,13.087610845704607,3.5,3.6176803128115957,1.2827991616640246,5.215035389872113,1.5,5,3.5
2004,6,4.3242424242424224,13.20785674931129,3.5,3.634261513610611,1.1530201680001995,4.154718453533333,1.5,5.06,3.5599999999999996
2004,7,3.8719628719628725,11.699092249870302,3.5,3.420393581135116,1.3357440455314027,5.3025938305523095,1.5,5,3.5
2004,8,3.4798662298662286,10.726404826015798,3.5,3.2751190552429996,1.5145419222870968,6.245052784440167,1.5,5,3.5
2004,9,3.4060321525110258,8.21288681460124,3.5,2.865813464725372,1.339228629733201,5.583343264390214,1.5,4.01408450704225,2.5140845070422504
2004,10,4.056647556647556,11.918002806618695,3.5,3.452246052444509,1.5110791438236588,6.196503642629426,1.5,5,3.5
2004,11,3.6324657534246576,11.247951979733536,3.5,3.353796651518028,1.4512718754111893,5.712817624095325,1.5,5,3.5
2004,12,3.676351351351352,10.307001004382762,3.5,3.2104518380413003,1.4438626368927163,6.289471080206541,1.5,5,3.5
2005,1,3.8046103896103896,11.855012729802667,3.5,3.4431109087281326,1.718083951203931,6.618549457095952,1.5,5,3.5
2005,2,3.6422297297297295,9.775203958181153,3.5,3.1265322576588193,1.670514095768053,6.850976002067586,1.5,5,3.5
2005,3,4.332929292929294,12.697271217222735,3.5,3.5633230582172497,1.3831618688656548,5.4596408087185075,1.5,5,3.5
2005,4,4.394556962025317,11.816930155423812,3.5,3.437576203580629,1.2498652132986328,4.689446503477627,1.5,5,3.5
2005,5,3.981874999999999,10.434144140625,3.5,3.230192585686649,1.4185554739062867,5.864569804481556,1.5,5,3.5
2005,6,4.352439024390244,13.584091314693637,3.5,3.6856602277873685,1.4304111609643786,4.979043140871962,1.5,5,3.5
2005,7,4.004533333333334,11.567711893333332,3.5,3.401133912878664,1.440769466260218,5.28813714623122,1.5,5,3.5
2005,8,4.083694083694084,12.006385229328952,3.5,3.465023121038149,1.2642392727040108,4.975702266831529,1.5,5,3.5
2005,9,5.784125,21.462355796875002,5,4.6327481905317285,1.064892888909429,3.510288858761338,3.5,6.2625,2.7625
2005,10,5.758076923076923,21.98244955621302,5,4.6885445029575035,1.0064452602652627,3.4222449243934667,3.5,6.44230769230769,2.94230769230769
2005,11,4.391688311688312,15.871323056164613,3.5,3.983882911954694,1.4510537925488027,5.359862969275074,1.5,5.11688311688312,3.6168831168831197
2005,12,4.364358974358973,17.893905917159756,3.5,4.230118901066465,1.463896510684682,5.068151940647102,1.5,5,3.5
2006,1,4.202348156893612,15.558471974825594,3.5,3.9444228950285734,1.4621241912781253,5.08821721240803,1.5,5,3.5
2006,2,3.8456644365735273,10.62296333914523,3.5,3.259288778114825,1.474140690387219,5.978636432838465,1.5,5,3.5
2006,3,4.136666666666667,13.65021111111111,3.5,3.6946192105697593,1.4387252196721196,5.148593059914894,1.5,5,3.5
2006,4,4.700997314921366,14.234339137982202,3.5,3.7728423155470203,1.1719011135146644,4.313589105861788,1.5,5.15822784810127,3.65822784810127
2006,5,5.227407407407408,16.29775775034294,5,4.037048148132858,1.0617152816323348,3.708248807232894,3.5,5.7037037037037,2.2037037037036997
2006,6,4.686868686868687,16.272078650866533,3.5,4.033866464183777,1.4129254619972516,4.851698579457408,1.5,5.14285714285714,3.6428571428571397
2006,7,4.150448717948719,11.251615265450361,3.5,3.354342747163796,1.4020927185727594,5.304874017647711,1.5,5,3.5
2006,8,4.923456790123456,15.036309251638471,5,3.877668017202926,1.230537853775422,4.51314640840366,3.5,5.39506172839506,1.89506172839506
2006,9,3.867755102040817,13.427703123698457,3.5,3.6643830481676525,1.4019879033722187,5.594424645388521,1.5,5,3.5
2006,10,4.039340776182883,13.301118858073448,3.5,3.6470699003547282,1.4716834476391893,5.436927184645466,1.5,5,3.5
2006,11,3.8210022300931397,12.181398366883682,3.5,3.4901860074906725,1.2777997447058629,5.017950518599273,1.5,5,3.5
2006,12,3.8981818181818184,14.462797166469894,3.5,3.8029984441845217,1.516065185187344,5.191406983158661,1.5,5,3.5
2007,1,3.8436363636363646,12.369352066115706,3.5,3.5170089658850325,1.6690562151716182,6.29557305086732,1.5,5,3.5
2007,2,3.862692307692307,10.170485848126233,3.5,3.189119917489186,1.6083606518547344,6.297216700958776,1.5,5,3.5
2007,3,3.948101265822785,11.325443839128345,3.5,3.3653296776286785,1.3944299663088053,5.380700007839994,1.5,5,3.5
2007,4,4.332222222222222,13.033386968449932,3.5,3.6101782460773224,1.4135486181340746,5.315331588237694,1.5,5,3.5
2007,5,4.660401483186295,15.137917519706084,3.5,3.890747681321173,1.3369549403335288,4.759853323762312,1.5,5.17088607594937,3.6708860759493698
2007,6,4.605432098765432,14.739584423106237,3.5,3.839216641856283,1.5557278845607236,5.707402971028272,1.5,5.04938271604938,3.5493827160493803
2007,7,4.588354430379747,15.679108251882713,3.5,3.9596853728399575,1.2658633194681574,4.542718107858813,1.5,5.25949367088608,3.75949367088608
2007,8,4.440212940212941,14.491611110775734,3.5,3.806784878447393,1.3785586229790263,5.336008737462476,1.5,5.12162162162162,3.62162162162162
2007,9,4.1903999999999995,16.37237184,3.5,4.046278764494606,1.4876805244992006,5.358689919050016,1.5,5,3.5
2007,10,3.951089845826688,10.756799436204288,3.5,3.2797560025410863,1.34377582926736,5.7285963148552845,1.5,5,3.5
2007,11,4.65909090909091,16.28719008264463,3.5,4.035739099922669,1.205681618076572,4.306156513276187,1.5,5.25,3.75
2007,12,4.740649740649741,17.006809057587112,3.5,4.123931262471177,1.2107210528321521,4.49290908498938,1.5,5.52702702702703,4.02702702702703
2008,1,4.3187837837837835,13.555027739225713,3.5,3.68171532566353,0.9978161790687075,4.1062605877521445,1.5,5.11486486486486,3.6148648648648596
2008,2,4.363567178635671,15.564349326221187,3.5,3.945167845126641,0.9733197123108555,4.168938683954435,1.5,5.34931506849315,3.8493150684931496
2008,3,5.096645569620254,17.469819624258932,5,4.179691331218004,0.9095595278382911,3.5894351190970486,1.5,5.81645569620253,4.31645569620253
2008,4,6.2034447034447044,24.279659336509894,5,4.927439430019398,0.6582472960247657,2.7892432640805405,3.5,7.5,4
2008,5,7.403597560975608,23.82532770300416,7.5,4.881119513288335,0.5110850039214935,2.4587976565936365,3.5,12,8.5
2008,6,7.000459136822773,23.674325692858126,5,4.865626957839876,0.557998596840499,2.6881689056184825,3.5,12,8.5
2008,7,6.798427311085539,23.083728135089366,5,4.804552854854379,0.5166605026407289,2.6091058171741612,3.5,12,8.5
2008,8,5.5589492553778275,19.787939003417737,5,4.448363632103129,0.9300145435349743,3.7003300648885347,3.5,7.5,4
2008,9,5.105989472186655,22.185811070171432,5,4.710181638766326,0.8219532448689368,3.1621768869106344,1.5,7.5,6
2008,10,4.976458129683936,23.70695860368471,5,4.868979215778674,0.7231041981955615,2.9912881271118605,1.5,6.78225806451613,5.28225806451613
2008,11,3.7083172891798224,25.245627526444494,3.5,5.02450271434343,0.9395461534802279,3.207914038715617,0,5,5
2008,12,2.7595744680851055,21.57647578089633,1.5,4.6450485229862055,1.194420831978797,4.097760756858293,0,5,5
2009,1,3.329135909683022,22.01625496883466,1.5,4.692148225369128,1.062081987458732,3.6403312984912697,0,5,5
2009,2,3.465105601469238,27.32234862187279,1.5,5.227078402116501,1.01341385099169,3.2458712866299253,0,7.22727272727273,7.22727272727273
2009,3,3.4421296296296293,22.362087064705698,3.5,4.72885684544433,0.9656547627073249,3.4242528877770235,0,6.42708333333333,6.42708333333333
2009,4,3.8014928193499635,22.937746819669336,3.5,4.789336782861416,1.1370947209386328,3.9142494827762597,0,5,5
2009,5,3.853896103896104,21.212709773992238,3.5,4.605725759746474,1.125006423459499,3.947475127949314,0,6.05357142857143,6.05357142857143
2009,6,4.287720959595959,20.278738360662338,3.5,4.503192019075174,1.0757937689085508,3.8531612042890346,0,5.8984375,5.8984375
2009,7,4.132969034608379,22.103073947694572,3.5,4.7013906397676175,1.0240010605975491,3.5251445549658187,0,6.07377049180328,6.07377049180328
2009,8,3.5070884281410595,17.47336970313737,3.5,4.180115991588914,1.2393129471454805,4.75062921573325,0,5,5
2009,9,3.3667929292929295,19.03290184492836,1.5,4.362671411523949,1.3089616754410005,4.458417765841919,0,5,5
2009,10,3.6278166278166277,16.822133413508702,3.5,4.101479417662449,1.162605449184434,4.292932468215158,0,5,5
2009,11,3.5030954708374065,16.68317764937448,3.5,4.084504578204617,1.1615879414696706,4.368912201371995,0,5,5
2009,12,3.4421182266009858,18.483712599189502,3.5,4.2992688447211,1.3296424517656051,4.647525959529977,0,5,5
2010,1,3.8434343434343448,16.73053770023467,3.5,4.090297996507672,0.9682826232864341,3.4336067350520834,0,5.5,5.5
2010,2,3.9224999999999994,18.966571875,3.5,4.355062786573805,1.2490818257680754,4.039921115346811,0,5,5
2010,3,3.5930951304085634,15.508878429465453,3.5,3.938131337254441,1.5491060489332307,5.6652240033712005,0,5,5
2010,4,4.268125,19.37905082465278,3.5,4.402164334126201,1.3603587601808156,4.598707143012688,1.5,5.36805555555556,3.86805555555556
2010,5,4.315555555555555,17.54233827160494,3.5,4.188357467027491,1.2138434620939158,4.125295130534932,1.5,5.44444444444444,3.94444444444444
2010,6,3.5872794117647056,15.812572075043255,3.5,3.9765024927746815,1.5511504392246942,5.616033355256386,0,5,5
2010,7,3.557054924242424,14.920573477136422,3.5,3.8627158162536914,1.3133809690885552,5.019207558412777,0,5,5
2010,8,3.5555303030303027,15.44601131198347,3.5,3.930141385749814,1.3171732216276428,4.848316164548143,0,5,5
2010,9,3.3117380703587602,16.590354656960073,3.5,4.073125907329661,1.5964774547922254,5.609737157327293,0,4.89655172413793,4.89655172413793
2010,10,3.650726010101011,17.248033623004034,3.5,4.153075200740294,1.4056581028931652,4.875717382897072,0,5,5
2010,11,3.983694083694084,15.82082461389821,3.5,3.9775400204018325,1.4504441135486537,5.143722701314585,1.5,5,3.5
2010,12,4.114810072556552,18.95818776391715,3.5,4.354100109542401,1.303642683638167,4.41804627134049,1.5,5,3.5
2011,1,4.545324675324675,17.56386825771631,3.5,4.190926897204998,1.2205856837425701,4.471679965933972,1.5,5.44155844155844,3.94155844155844
2011,2,4.63030303030303,17.463687786960516,3.5,4.1789577393125805,1.2903930237472692,4.451462398199938,1.5,5.44,3.9400000000000004
2011,3,5.733431879773343,17.76970481165315,5,4.215412768834524,0.9125501118731817,3.3709880740367044,3.5,7.5,4
2011,4,5.528578467602857,18.484954126680726,5,4.299413230509569,1.0683810702193592,3.64558867364427,3.5,7.5,4
2011,5,5.095580808080808,16.61507358942965,5,4.076159171257871,1.2071847165220038,4.296975611111799,3.5,5.5875,2.0875000000000004
2011,6,4.822169059011163,18.59507947772868,3.5,4.312201233445475,1.0567825920087186,3.901794468197502,1.5,5.71052631578947,4.21052631578947
2011,7,4.771428571428571,16.861799628942485,3.5,4.106312168959209,1.2796187096514984,4.511006265115161,1.5,5.46753246753247,3.96753246753247
2011,8,4.924864864864865,17.96858042366691,5,4.238936237273086,1.0708435602528468,3.9625487198583293,1.5,5.72972972972973,4.22972972972973
2011,9,4.605740953842219,18.059362453670865,3.5,4.249630860871432,1.2444061262615875,4.20847558036222,1.5,5.41139240506329,3.91139240506329
2011,10,4.4250632911392405,16.377689248517868,3.5,4.046935785074662,1.2445281315357644,4.4446714018334434,1.5,5.21518987341772,3.71518987341772
2011,11,4.305749805749804,15.386808132728877,3.5,3.922602214439909,1.4447480464227997,4.998883500702356,1.5,5,3.5
2011,12,4.180434481804345,14.889754328437462,3.5,3.858724443185528,1.275135496312335,4.569046923728879,1.5,5.0958904109589,3.5958904109588996
2012,1,4.116666666666667,13.466944444444445,3.5,3.669733565866117,1.3693574160685156,5.184748813846143,1.5,5,3.5
2012,2,4.284329784329785,13.13935158447853,3.5,3.6248243522243295,1.3463734740454485,5.163804889635706,1.5,5.01351351351351,3.5135135135135096
2012,3,5.088910256410255,18.198603431130834,5,4.265982118004111,1.074970516728734,3.7544088401966396,1.5,5.76282051282051,4.26282051282051
2012,4,4.156906906906907,13.979445251967771,3.5,3.7389096341002643,1.324447395786561,5.034539567970658,1.5,5,3.5
2012,5,4.002551020408164,15.143488390254062,3.5,3.8914635280642247,1.474297869216338,5.477751325074225,1.5,5,3.5
2012,6,3.9733561643835618,14.398536212234944,3.5,3.7945403163275184,1.275808194898513,4.842186821009624,1.5,5,3.5
2012,7,4.304026177265615,16.989965154825427,3.5,4.121888542261353,1.2504709496614237,4.317822233856151,1.5,5.30985915492958,3.8098591549295797
2012,8,4.8668,16.69140976,3.5,4.085512178417781,1.0679065725121724,3.912485889686785,1.5,5.64,4.14
2012,9,4.647948717948717,18.31406120973044,3.5,4.279493101960843,1.1990400013668254,4.126871531140364,1.5,5.47435897435897,3.97435897435897
2012,10,4.473860777187587,17.407207144330382,3.5,4.172194523788456,1.3564331722829486,4.633627215467144,1.5,5.26712328767123,3.7671232876712297
2012,11,4.258503401360545,17.043861932528113,3.5,4.128421239714779,1.2695548338385267,4.422835701832111,1.5,5.29166666666667,3.7916666666666696
2012,12,4.241933221099888,16.11666306883525,3.5,4.014556397515826,1.3211268439541521,4.7594856880225125,1.5,5.13194444444444,3.63194444444444
2013,1,4.752020202020203,17.30555463090501,3.5,4.159994546980202,1.1767868856938675,3.823670907623826,1.5,5.36875,3.8687500000000004
2013,2,4.696381578947369,18.484316460353188,3.5,4.299339072503259,1.3022088663092772,4.485654350214267,1.5,5.4671052631579,3.9671052631579
2013,3,4.3982683982683985,13.539438916062291,3.5,3.6795976568182414,1.2918072268135505,4.910950997191222,1.5,5,3.5
2013,4,4.351489579337682,15.332011278569476,3.5,3.9156112266885583,1.438710863652965,4.949495719149601,1.5,5,3.5
2013,5,4.635068635068636,19.20047056073992,3.5,4.381834154864824,1.3589209695451396,4.2827105905631715,1.5,5.35897435897436,3.8589743589743604
2013,6,4.015834015834016,13.77981805049782,3.5,3.712117731228068,1.49795884727135,5.29642718413019,1.5,5,3.5
2013,7,4.352911834393315,15.149914047042623,3.5,3.8922890497806844,1.4772705482060666,5.051294601855994,1.5,5,3.5
2013,8,4.377298627298627,17.433998939178945,3.5,4.175404045021145,1.4300528330869988,4.670103931728555,1.5,5.12179487179487,3.6217948717948696
2013,9,4.419753086419753,15.446136259716507,3.5,3.9301572818039365,1.3454962461765458,4.788534406138312,1.5,5.0679012345679,3.5679012345679
2013,10,3.9117120572816777,13.887211624122475,3.5,3.726554927023413,1.4327538691597659,5.283052708842332,1.5,5,3.5
2013,11,3.9842171717171717,14.427366906119275,3.5,3.7983373870838903,1.4013213197724528,4.983532325227209,1.5,5,3.5
2013,12,3.89675,13.848633187499999,3.5,3.721375174246746,1.7030990495257614,6.308449676354794,1.5,5,3.5
2014,1,4.247292199099428,15.083775315748113,3.5,3.8837836340028153,1.5651281656722573,5.250025122390303,1.5,5,3.5
2014,2,4.519142037660557,15.819477733399761,3.5,3.977370706056925,1.5328548032455669,5.240843261231312,1.5,5.04938271604938,3.5493827160493803
2014,3,4.352222222222222,14.889698079561041,3.5,3.858717154646223,1.5116309342867578,5.164975275184605,1.5,5,3.5
2014,4,4.13898016307655,13.130735613153789,3.5,3.6236356899050692,1.4994017795890424,5.360320499546027,1.5,5,3.5
2014,5,4.612228915662651,15.877786801422555,3.5,3.9846940662267354,1.457889888760262,5.010254240935685,1.5,5.09036144578313,3.59036144578313
2014,6,4.025252525252527,11.027140087746151,3.5,3.320713791904709,1.458664225874199,5.487424599354684,1.5,5,3.5
2014,7,4.251803751803753,11.211332038171866,3.5,3.348332725129309,1.4287260455013466,5.153271525014984,1.5,5,3.5
2014,8,4.449695121951219,15.604979457911957,3.5,3.950313842963867,1.1672222896562592,4.071744290887652,1.5,5.06707317073171,3.5670731707317103
2014,9,4.209288001970929,14.392111799345951,3.5,3.793693688128491,1.6432579376565994,5.6454082199496955,1.5,5,3.5
2014,10,3.7024999999999997,12.199931249999997,3.5,3.49283999776686,1.646185626869059,6.561252212358413,1.5,5,3.5
2014,11,3.522793726741096,12.83265245349208,3.5,3.582269176582363,1.5956038172402331,6.413388408863262,1.5,5,3.5
2014,12,3.2569444444444446,10.269561938832773,3.5,3.2046157240506656,1.518179470346084,6.8458256843185055,1.5,4.10416666666667,2.6041666666666696
2015,1,2.9936868686868685,10.833319782420162,3.5,3.2914008844897884,1.52387681535127,6.718836635035272,1.5,3.97916666666667,2.47916666666667
2015,2,3.5613670956136705,12.872453109810737,3.5,3.5878201055530554,1.588367097454598,6.280652047205818,1.5,5,3.5
2015,3,3.8476543209876546,10.301350312452369,3.5,3.2095716711817435,1.4621344952497677,5.8453084845370995,1.5,5,3.5
2015,4,3.426103136629453,10.714162774107793,3.5,3.2732495740636387,1.6187748416405814,6.313377237025126,1.5,4.08552631578947,2.58552631578947
2015,5,3.7571872571872573,13.074910240411402,3.5,3.615924534667642,1.6078051231451185,5.916229628019336,1.5,5,3.5
2015,6,3.5681186868686874,12.079428263059894,3.5,3.475547189013536,1.8396912920007311,6.960108135229658,1.5,4.10625,2.60625
2015,7,3.862025316455696,12.933694920685788,3.5,3.5963446609975787,1.6787132669055764,5.961446735682255,1.5,5,3.5
2015,8,3.6747999475272217,13.353675630284698,3.5,3.6542681388049094,1.8271101235556582,7.080162319524555,1.5,5,3.5
2015,9,3.5178205128205127,11.002057511505589,3.5,3.316934957382431,1.7846131889041756,7.684181280263666,1.5,5,3.5
2015,10,3.8838383838383836,14.636759004183247,3.5,3.8258017465863605,1.4487433733317716,4.9685420726655245,1.5,5,3.5
2015,11,3.5300000000000002,12.219099999999997,3.5,3.495582927066671,1.776782757775199,6.834108016789237,1.5,4.25,2.75
2015,12,3.4082606890826073,12.717619825750297,3.5,3.5661772005538785,1.7437904868810667,6.671183387003159,1.5,4.23972602739726,2.7397260273972597
2016,1,3.3277777777777775,12.462102623456792,3.5,3.5301703391560006,1.380294429060744,5.3018544822577205,1.5,5,3.5
2016,2,3.299444444444445,13.35678364197531,3.5,3.654693371813196,1.6346071676020593,6.255070005037768,1.5,5,3.5
2016,3,3.573710073710074,11.32200851734021,3.5,3.3648192399206542,1.507706494832696,5.78949334269359,1.5,5,3.5
2016,4,3.6487820512820512,12.802225751972388,3.5,3.5780198087730577,1.6995674019290177,6.298017876933969,1.5,5,3.5
2016,5,3.274216524216524,11.541671278494642,3.5,3.397303530521617,2.0417784410637307,7.87558718520711,1.5,3.92948717948718,2.42948717948718
2016,6,3.391881780770671,10.113349131950788,3.5,3.180149231081898,1.8408918890436312,7.029012113689888,1.5,3.88271604938272,2.38271604938272
2016,7,3.6749311294765836,12.441144296891856,3.5,3.5272006317888773,1.364181377865171,5.036847069972071,1.5,5,3.5
2016,8,3.2860107928601083,13.073938949363303,3.5,3.6157902247452496,1.731037754256492,6.597828642056227,1.5,4.21917808219178,2.71917808219178
2016,9,3.2478027023481557,10.76285004461098,3.5,3.280678290325185,1.7315391657944472,6.6077796033450635,1.5,3.92207792207792,2.42207792207792
2016,10,3.316886816886818,10.609683423332738,3.5,3.257250899659518,1.7256236967149097,6.632570473886744,1.5,3.91025641025641,2.41025641025641
2016,11,3.387792207792208,12.06621359419801,3.5,3.4736455769404584,1.7995449417281255,6.988875409571656,1.5,5,3.5
2016,12,2.9884763124199742,10.744536672563218,1.5,3.2778860066456272,1.688798517003952,6.736098436191094,1.5,3.97183098591549,2.47183098591549
2017,1,3.306464646464647,11.396459218447099,3.5,3.3758642180110114,1.4903863878604067,5.928751951661827,1.5,5,3.5
2017,2,3.5500336700336708,11.678867226700225,3.5,3.417435767750467,1.439858458858275,5.5587360578853495,1.5,5,3.5
2017,3,3.445286195286195,11.514858532009203,3.5,3.3933550554000687,1.5630950190433317,5.841165817029423,1.5,4.20833333333333,2.7083333333333304
2017,4,3.123486842105263,9.936118295533241,3.5,3.1521608930277085,1.771194952954835,7.394057743607664,1.5,3.83552631578947,2.33552631578947
2017,5,3.213872053872053,10.591752796199932,3.5,3.254497318511713,1.7255647324447783,6.901242820305561,1.5,3.95333333333333,2.45333333333333
2017,6,3.5447900053163206,13.283030859816723,3.5,3.644589258039474,1.7039045378542554,6.124813509533826,1.5,4.27631578947368,2.7763157894736796
2017,7,3.2503999999999995,9.45912384,3.5,3.0755688644541843,1.8684662400738556,7.695165480945658,1.5,3.89333333333333,2.39333333333333
2017,8,3.46169487078578,12.705107658597694,3.5,3.5644224859853093,1.73087421909514,6.581412737496713,1.5,4.2012987012987,2.7012987012987004
2017,9,3.4358718766613494,10.65950829576438,3.5,3.2648902425295065,1.5819190546021442,6.388472127863798,1.5,5,3.5
2017,10,3.183404940923738,10.870678162723056,1.5,3.2970711491751366,2.1498923395899454,8.700115306454387,1.5,3.82894736842105,2.32894736842105
2017,11,3.1921134421134423,9.908564154484901,3.5,3.147787183798311,1.7807071532220107,7.359403514308223,1.5,3.78846153846154,2.28846153846154
2017,12,3.5006645401382257,11.542080688244544,3.5,3.397363785090514,1.5360754919298039,5.7216457853161575,1.5,5,3.5
2018,1,3.2450142450142456,8.711612804205398,3.5,2.9515441389559802,1.8764775475920408,8.443022258642507,1.5,3.78205128205128,2.28205128205128
2018,2,3.3802964712055625,10.864294114714495,3.5,3.2961028677385804,1.6082193051034586,6.249539279832254,1.5,4.12987012987013,2.62987012987013
2018,3,3.6021187484602124,10.645471928862047,3.5,3.2627399419601386,1.690649067910437,6.345717139934384,1.5,5,3.5
2018,4,3.6857594936708864,12.419139861400417,3.5,3.524080002128274,1.7944041602664842,6.54158978669917,1.5,5,3.5
2018,5,3.5460630400389443,9.793948567641369,3.5,3.129528489667632,1.789706249076406,7.081923236604975,1.5,5,3.5
2018,6,4.008207070707071,12.475788862424753,3.5,3.5321082744481025,1.7109998070350458,6.130837324593575,1.5,5,3.5
2018,7,3.933737373737374,13.972077951229464,3.5,3.73792428377428,1.533955818450481,5.295044929968773,1.5,5,3.5
2018,8,4.091573631047316,14.405494240157529,3.5,3.7954570528669573,1.5762139648043996,5.753109814067926,1.5,5,3.5
2018,9,3.5516136979551614,10.90250535781019,3.5,3.301894207543632,2.0284543626935267,8.052253387836322,1.5,4.01829268292683,2.5182926829268304
2018,10,4.0458227848101265,14.702524531325107,3.5,3.834387112867597,1.6541900762749715,5.6672199710565,1.5,5,3.5
2018,11,3.687666135034557,12.786824567904059,3.5,3.575866967310733,1.6975537361814363,6.2912951079487325,1.5,5,3.5
2018,12,3.5287081339712936,12.375602855551234,3.5,3.5178975049809558,1.7422774229345426,6.773080506456868,1.5,4.23026315789474,2.73026315789474
2019,1,3.1573846573846582,9.1572271772927,3.5,3.026091072207296,1.744217395539841,7.964007464397701,1.5,3.88513513513514,2.38513513513514
2019,2,3.329873417721519,10.277212209581798,3.5,3.205809134927062,1.788319499547541,6.954101149018551,1.5,3.87341772151899,2.37341772151899
2019,3,3.1678481012658226,9.759984361480534,3.5,3.12409736747761,1.7951481433756755,7.540858206726684,1.5,3.79746835443038,2.29746835443038
2019,4,3.298627298627299,10.086437194181304,3.5,3.175915174273599,1.9000505247763888,7.270688921953939,1.5,3.82051282051282,2.32051282051282
2019,5,3.7007415931466565,10.634572807391363,3.5,3.261069273626576,1.6266518822575085,6.171251394854693,1.5,5,3.5
2019,6,3.868686868686869,14.674676053463934,3.5,3.8307539797622,1.6786245951845986,5.92274011182142,1.5,5,3.5
2019,7,3.578875,12.668362328125003,3.5,3.5592642959079344,1.667420409892049,6.343203660067847,1.5,4.23125,2.73125
2019,8,3.698924050632911,13.206392609357476,3.5,3.634060072337478,1.600983652402445,5.856805970016058,1.5,5,3.5
2019,9,3.6114478114478117,12.374930676008118,3.5,3.5178019665706195,1.3867640739531217,5.18254348642172,1.5,5,3.5
2019,10,3.286010792860108,11.93814774779991,3.5,3.4551624777714736,1.8863275101147385,7.4037728553146644,1.5,4.11643835616438,2.6164383561643803
2019,11,3.322424242424243,10.791145638200184,3.5,3.2849879205562056,1.6549794335667873,6.427086575344813,1.5,4.06,2.5599999999999996
2019,12,3.1461916461916464,10.759716830969904,3.5,3.280200730286167,1.7603737676861857,6.85918131406601,1.5,3.87162162162162,2.37162162162162
2020,1,3.1822368421052634,10.763890668282547,3.5,3.2808368853514414,1.7061669658158962,6.718879869167966,1.5,3.95394736842105,2.45394736842105
2020,2,3.0205405405405408,9.205392549306064,3.5,3.034038982825709,1.8280804969679025,8.133455632296473,1.5,3.75675675675676,2.25675675675676
2020,3,2.9712509712509716,13.736248384267034,1.5,3.7062445122073413,1.610875820432079,6.37301152029514,0,4.30769230769231,4.30769230769231
2020,4,3.333636363636364,23.047172635445364,1.5,4.800747091385398,1.1326195952413693,3.8595102084939077,0,5,5
2020,5,4.19570707070707,21.03061333482735,3.5,4.585914667198612,0.6682499452372266,2.885157103095294,0,6.27678571428571,6.27678571428571
2020,6,3.9282422646477952,17.974410809578565,3.5,4.23962389954328,0.9275764671323582,3.707056607047544,0,5.59677419354839,5.59677419354839
2020,7,4.15969215969216,18.410876556860202,3.5,4.290789735801581,1.0787530488318902,4.009004853527545,1.5,5.65079365079365,4.15079365079365
2020,8,3.950757575757576,16.88630624426079,3.5,4.109295103087729,1.0663939021928253,4.012247785664474,1.5,5,3.5
2020,9,3.718803418803419,17.207980661313997,3.5,4.148250313242198,1.1713803362247956,4.122572641039742,0,5,5
2020,10,3.353535353535354,13.9754616875829,3.5,3.7383768787513785,1.4944584944634622,5.7215227557763,0,5,5
2020,11,3.677973767526007,15.610850500591084,3.5,3.951056883998392,1.2270151704911996,4.660522104532863,1.5,5,3.5
2020,12,3.367832847424685,14.122276857431856,3.5,3.757961795632289,1.4805315894870574,5.669033119689107,1.5,4.5952380952381,3.0952380952381002
2021,1,4.207428571428571,17.10309991836735,3.5,4.135589428167084,1.350928841335691,4.955602646729434,1.5,5.22857142857143,3.7285714285714304
2021,2,4.614520547945205,17.531111915931696,3.5,4.187017066591883,1.1086336419454381,3.8573935288242147,1.5,5.54109589041096,4.04109589041096
2021,3,4.657968574635241,19.169872279346656,3.5,4.378341270315353,1.2736848883099616,4.24300782087978,1.5,5.47222222222222,3.9722222222222197
2021,4,4.708282828282829,17.214744862769106,3.5,4.149065540910279,1.2115714597786325,4.421955421731169,1.5,5.42666666666667,3.9266666666666703
2021,5,5.980759493670885,22.8031444640282,5,4.775263810935287,0.9708302182119447,3.258109848288526,3.5,7.5,4
2021,6,6.085308641975309,27.00943635116598,5,5.197060356698389,0.9184296991721643,2.896422794355847,3.5,7.5,4
2021,7,6.066615522311725,24.179505634323,5,4.917266073167386,0.8199036221508207,2.9566527366191906,3.5,7.5,4
2021,8,6.182857142857143,25.965951020408166,5,5.095679642639259,0.8742337529498561,2.8637689015931014,3.5,7.5,4
2021,9,6.001247038284076,26.385726630577977,5,5.13670386829706,0.8847472022525332,2.9698478307559473,3.5,7.5,4
2021,10,6.488839007357526,29.637172422878134,5,5.444003345230248,0.6464886221445257,2.481524579281018,3.5,12,8.5
2021,11,6.549375,26.906253515624996,5,5.187123819191614,0.7037757073375748,2.644560002754114,3.5,7.5,4
2021,12,6.1978125,30.824403417968753,5,5.551972930226583,0.6605588317145408,2.5178329561992845,1.5,7.5,6
2022,1,6.306829268292681,27.354234741225454,5,5.230127602767016,0.6765950949937256,2.6589552705305968,3.5,7.5,4
2022,2,6.285853658536586,23.485423319452707,5,4.846176154397682,0.6463397718037535,2.8301437984500897,3.5,7.5,4
2022,3,7.623095238095239,30.145309580498868,7.5,5.490474440382987,0.42848232859552804,2.152560962675767,3.5,12,8.5
2022,4,7.4005882352941175,30.82806539792388,5,5.55230271130131,0.4143722145616081,2.162825550992321,3.5,12,8.5
2022,5,6.924558080808081,30.888502408874093,5,5.557742564105871,0.3849013575749923,2.224324644147036,3.5,12,8.5
2022,6,7.412002376708259,32.0108566070336,5,5.6578137656725325,0.42402115143702923,2.1180473522367427,3.5,12,8.5
2022,7,6.953984287317622,33.24976350359816,5,5.766260790460154,0.47780090585720514,2.1517358678750758,3.5,12,8.5
2022,8,5.9690656565656575,34.77746530966228,5,5.897242178312019,0.5522816018067254,2.2570113755382435,1.5,12,10.5
2022,9,5.936658249158249,36.39683804940539,5,6.032979201804477,0.6430842268792134,2.2619436658341163,1.5,12,10.5
2022,10,6.695374800637959,35.791370644241454,5,5.982588958322429,0.4553384432848975,2.0673356890937873,1.5,12,10.5
2022,11,6.437402597402597,35.18011597233935,5,5.93128282687138,0.5433297549877862,2.224206108774228,1.5,12,10.5
2022,12,5.749533333333334,34.92939400444445,3.5,5.910109474827387,0.6985602670706956,2.4043906684103193,1.5,7.72666666666667,6.22666666666667
2023,1,5.27521695831555,31.282988260674262,3.5,5.5931197252226115,0.7816508583056381,2.604738338773924,0,7.5,7.5
2023,2,5.48337542087542,31.466125196975366,3.5,5.609467461085353,0.7142073117290144,2.48559729575093,1.5,7.5,6
2023,3,4.91830985915493,29.73666137671097,3.5,5.453133170637865,0.9115395403266892,3.042580332760594,0,7.5,7.5
2023,4,5.542648709315376,30.86846572408207,5,5.555939679665545,0.741211132038619,2.651237248183847,1.5,7.5,6
2023,5,5.474736842105264,29.046074030470912,3.5,5.389440975692276,0.8808070344919301,2.9033778291586954,1.5,7.5,6
2023,6,4.782535211267606,25.77047538186868,3.5,5.076462880970241,0.9553425247874875,3.190000763024047,0,7.5,7.5
2023,7,4.58459595959596,25.66587593102745,3.5,5.066150010711038,1.0864930655342617,3.6265844472248876,1.5,6.29166666666667,4.79166666666667
2023,8,4.915151515151515,25.168086929905115,3.5,5.0167805343571805,1.0696651264475796,3.4471869513785753,1.5,7.5,6
2023,9,4.749791666666667,26.67177223668982,3.5,5.164472115975632,1.036909625387135,3.2605759746627925,0,6.49305555555556,6.49305555555556
2023,10,5.544258373205741,30.62650117709454,3.5,5.534121536169453,0.8717932749296113,2.787334311872124,1.5,7.5,6
2023,11,5.586346153846154,28.48414320759369,5,5.337053794706748,0.8631776493305158,2.927368254038485,1.5,7.5,6
2023,12,4.186,23.074804,3.5,4.803624048569996,1.1773865490855584,3.9710482838684396,0,5,5
2024,1,4.181818181818182,24.64876033057851,3.5,4.964751789422963,1.2087473020818553,3.9133300450822963,0,5,5
2024,2,4.385671641791045,27.577130630429934,3.5,5.2513932085142825,1.0928824402565476,3.3795803391830948,0,6.52238805970149,6.52238805970149
2024,3,4.106492537313434,23.172185180441083,3.5,4.813749596773921,1.0972270212823103,3.6627086569970126,0,5,5
2024,4,4.718001937180019,24.82938793110694,3.5,4.982909584881803,1.1689640413490001,3.68130982487836,1.5,6.11643835616438,4.61643835616438
2024,5,4.799663299663299,25.532536362502697,3.5,5.052973022142775,1.0944178219476395,3.4713662277243484,1.5,6.16666666666667,4.66666666666667
2024,6,4.503074220465525,27.230681198573738,3.5,5.218302520798669,1.1716200755665,3.606890928894055,0,6.32608695652174,6.32608695652174
2024,7,4.455,28.305475,3.5,5.320288995909903,1.131973149786286,3.402277724787395,0,6.5,6.5
2024,8,4.156407828282828,26.68108203593303,3.5,5.165373368492642,1.2141004384557106,3.767553351338269,0,6.1640625,6.1640625
2024,9,4.133105246008471,28.908120452360983,3.5,5.3766272376240645,1.2022307812986464,3.581970799512086,0,5,5
2024,10,4.298989898989899,29.1584838281808,3.5,5.399859611895554,1.2391245352348965,3.598223240560323,0,5,5
2024,11,4.05572675911659,31.44141079120579,3.5,5.607264109278765,1.143659069300186,3.395363235730331,0,6.66949152542373,6.66949152542373
2024,12,4.56206129087485,35.406608208315305,3.5,5.950345217574801,0.9435255402426066,2.8015035565126696,0,7.4406779661017,7.4406779661017
2025,1,5.224930464060899,35.420153985976036,3.5,5.951483343333495,0.8011368654096198,2.548433624862607,0,7.5,7.5
2025,2,6.084411764705882,40.710257871972324,5,6.3804590643598935,0.5255735571184248,2.0070437992620835,0,12,12
